{"0R": {"Ym": 0.0, "Yd": 25.6, "Xd": 0.0, "Xm": 25.6}, "0S": {"Ym": 0.0, "Yd": 22.400000000000002, "Xd": 0.0, "Xm": 22.400000000000002}, "1S": {"Ym": 0.0, "Yd": 28.8, "Xd": 0.0, "Xm": 28.8}, "1R": {"Ym": 0.0, "Yd": 32.0, "Xd": 0.0, "Xm": 32.0}, "2R": {"Ym": 0.0, "Yd": 41.6, "Xd": 0.0, "Xm": 38.400000000000006}, "2S": {"Ym": 0.0, "Yd": 35.2, "Xd": 0.0, "Xm": 35.2}, "2L": {"Ym": 0.0, "Yd": 35.2, "Xd": 0.0, "Xm": 35.2}, "1L": {"Ym": 0.0, "Yd": 28.8, "Xd": 0.0, "Xm": 28.8}, "0L": {"Ym": 0.0, "Yd": 22.400000000000002, "Xd": 0.0, "Xm": 22.400000000000002}}