{"0R": 4.712389, "0S": 7.0, "1S": 7.0, "1R": 3.141593, "2R": 1.570796, "2S": 7.0, "2L": 9.424778, "1L": 7.853982, "0L": 6.283185}